"id","original_date","ampm","home_team_name","away_team_name","game_type","away_win","away_loss","away_team_runs","away_team_hits","away_team_errors","away_team_hr","away_team_sb","away_team_so","home_win","home_loss","home_team_runs","home_team_hits","home_team_errors","home_team_hr","home_team_sb","home_team_so"
"2014/04/03/bosmlb-balmlb-1","2014/04/03","PM","Orioles","Red Sox","R",2,1,4,14,0,"0","0","8",1,2,3,9,0,"0","0","8"
"2015/03/28/balmlb-nyamlb-1","2015/03/28","PM","Yankees","Orioles","S",10,15,10,12,0,"2","0","8",14,12,2,3,0,"2","0","12"
"2016/06/17/tormlb-balmlb-1","2016/06/17","PM","Orioles","Blue Jays","R",39,31,13,13,1,"5","0","10",38,28,3,7,0,"1","0","8"
"2014/08/01/seamlb-balmlb-1","2014/08/01","PM","Orioles","Mariners","R",56,53,1,5,1,"0","1","7",61,47,2,8,1,"0","0","8"
"2015/09/09/balmlb-nyamlb-1","2015/09/09","PM","Yankees","Orioles","R",67,72,5,7,1,"1","0","9",77,61,3,4,1,"1","1","8"
"2016/03/23/balmlb-pitmlb-1","2016/03/23","PM","Pirates","Orioles","S",5,14,5,10,0,"1","0","2",7,13,6,9,0,"3","1","8"
"2015/06/16/phimlb-balmlb-1","2015/06/16","PM","Orioles","Phillies","R",22,44,3,6,2,"1","1","7",33,31,19,17,1,"8","0","5"
"2016/03/04/balmlb-tormlb-1","2016/03/04","PM","Blue Jays","Orioles","S",0,3,3,9,1,"1","0","8",3,0,4,7,0,"3","2","5"
"2015/05/21/seamlb-balmlb-1","2015/05/21","PM","Orioles","Mariners","R",18,22,4,10,1,"0","1","10",18,20,5,6,1,"1","1","12"
"2014/04/19/balmlb-bosmlb-1","2014/04/19","PM","Red Sox","Orioles","R",8,8,2,5,1,"0","2","8",8,10,4,6,1,"1","0","11"
"2014/08/22/balmlb-chnmlb-1","2014/08/22","PM","Cubs","Orioles","R",73,53,1,5,1,"1","0","10",56,72,4,9,0,"2","0","7"
"2014/07/20/balmlb-oakmlb-1","2014/07/20","PM","Athletics","Orioles","R",53,44,2,3,1,"0","0","10",61,37,10,15,3,"0","0","11"
"2016/03/20/tbamlb-balmlb-1","2016/03/20","PM","Orioles","Rays","S",8,9,8,11,0,"3","0","10",5,12,8,11,1,"2","3","11"
"2014/07/10/wasmlb-balmlb-1","2014/07/10","PM","Orioles","Nationals","R",49,41,3,10,1,"1","0","9",50,41,4,6,0,"1","0","9"
"2015/07/01/texmlb-balmlb-1","2015/07/01","PM","Orioles","Rangers","R",40,39,2,4,1,"2","0","7",42,36,4,9,0,"2","0","5"
"2014/06/28/tbamlb-balmlb-1","2014/06/28","PM","Orioles","Rays","R",34,49,5,10,0,"3","0","9",42,38,4,8,1,"2","0","10"
"2014/09/25/balmlb-nyamlb-1","2014/09/25","PM","Yankees","Orioles","R",95,64,5,5,3,"4","0","7",82,77,6,6,1,"0","0","11"
"2015/03/21/balmlb-minmlb-1","2015/03/21","PM","Twins","Orioles","S",8,12,5,8,0,"2","1","8",7,8,3,10,1,"0","0","7"
"2016/03/05/tbamlb-balmlb-1","2016/03/05","PM","Orioles","Rays","S",2,2,10,17,3,"0","0","5",0,4,6,6,0,"0","1","10"
"2014/08/10/slnmlb-balmlb-1","2014/08/10","PM","Orioles","Cardinals","R",62,54,8,17,0,"1","0","12",67,50,3,10,1,"0","0","10"
"2015/05/06/balmlb-nynmlb-1","2015/05/06","PM","Mets","Orioles","R",12,13,1,9,0,"0","2","7",18,10,5,7,0,"2","0","12"
"2016/08/04/texmlb-balmlb-1","2016/08/04","PM","Orioles","Rangers","R",63,46,5,11,0,"1","0","7",61,46,3,9,0,"3","0","10"
"2014/04/02/bosmlb-balmlb-1","2014/04/02","PM","Orioles","Red Sox","R",1,1,6,10,1,"2","0","9",1,1,2,6,1,"1","0","7"
"2015/04/24/bosmlb-balmlb-1","2015/04/24","PM","Orioles","Red Sox","R",10,7,7,11,1,"0","0","0",7,10,5,10,2,"0","0","0"
"2014/04/27/kcamlb-balmlb-1","2014/04/27","PM","Orioles","Royals","R",12,12,9,13,1,"1","1","10",12,12,3,5,1,"1","0","4"
"2016/04/23/balmlb-kcamlb-1","2016/04/23","PM","Royals","Orioles","R",11,5,8,14,1,"1","0","6",11,6,3,7,0,"1","0","8"
"2016/07/28/balmlb-minmlb-1","2016/07/28","PM","Twins","Orioles","R",58,43,2,11,0,"1","0","10",38,63,6,12,0,"1","1","7"
"2015/08/01/detmlb-balmlb-1","2015/08/01","PM","Orioles","Tigers","R",50,54,2,6,0,"1","1","7",53,50,6,10,0,"2","1","8"
"2015/08/16/oakmlb-balmlb-1","2015/08/16","PM","Orioles","Athletics","R",51,68,2,9,0,"1","0","8",60,56,18,26,0,"4","0","10"
"2014/07/24/balmlb-seamlb-1","2014/07/24","PM","Mariners","Orioles","R",56,45,4,8,0,"1","1","4",53,49,0,5,0,"0","1","9"
"2014/09/12/nyamlb-balmlb-2","2014/09/12","PM","Orioles","Yankees","R",75,71,0,4,0,"0","1","6",88,59,5,8,1,"0","0","12"
"2015/04/07/balmlb-tbamlb-1","2015/04/07","PM","Rays","Orioles","R",2,0,6,6,0,"1","0","11",0,2,5,5,0,"2","2","5"
"2015/04/14/nyamlb-balmlb-1","2015/04/14","PM","Orioles","Yankees","R",3,5,3,6,2,"0","0","9",4,4,4,7,1,"1","0","10"
"2014/05/22/clemlb-balmlb-1","2014/05/22","PM","Orioles","Indians","R",23,25,8,14,2,"0","0","0",23,22,7,13,0,"0","0","0"
"2014/08/23/balmlb-chnmlb-1","2014/08/23","PM","Cubs","Orioles","R",73,54,2,7,1,"0","0","10",57,72,7,11,0,"1","1","8"
"2016/03/27/balmlb-pitmlb-1","2016/03/27","PM","Pirates","Orioles","S",9,14,5,13,2,"2","0","6",7,18,3,7,0,"0","0","9"
"2014/04/04/balmlb-detmlb-1","2014/04/04","PM","Tigers","Orioles","R",1,3,4,7,0,"0","1","3",3,0,10,17,1,"3","1","8"
"2014/09/15/tormlb-balmlb-1","2014/09/15","PM","Orioles","Blue Jays","R",77,72,2,11,0,"0","1","5",90,60,5,10,0,"1","0","9"
"2016/08/26/balmlb-nyamlb-1","2016/08/26","PM","Yankees","Orioles","R",70,58,4,7,3,"2","0","4",66,61,14,18,1,"3","0","7"
"2016/05/07/oakmlb-balmlb-2","2016/05/07","PM","Orioles","Athletics","R",14,17,2,9,1,"0","0","6",17,12,5,8,0,"1","0","7"
"2014/10/14/balmlb-kcamlb-1","2014/10/14","PM","Royals","Orioles","L",0,3,1,3,0,"0","0","5",3,0,2,7,0,"0","0","5"
"2014/04/25/kcamlb-balmlb-1","2014/04/25","PM","Orioles","Royals","R",11,11,5,11,0,"0","1","10",11,11,0,7,1,"0","0","5"
"2016/04/24/balmlb-kcamlb-1","2016/04/24","PM","Royals","Orioles","R",11,6,1,4,1,"0","0","4",12,6,6,11,0,"2","0","6"
"2014/09/27/balmlb-tormlb-1","2014/09/27","PM","Blue Jays","Orioles","R",95,66,2,4,3,"1","0","3",83,78,4,6,0,"0","1","5"
"2016/04/08/tbamlb-balmlb-1","2016/04/08","PM","Orioles","Rays","R",2,3,1,5,0,"1","0","6",4,0,6,10,0,"4","0","7"
"2014/05/25/clemlb-balmlb-1","2014/05/25","PM","Orioles","Indians","R",24,27,2,5,1,"0","0","11",25,23,4,9,0,"2","2","8"
"2016/08/29/tormlb-balmlb-1","2016/08/29","PM","Orioles","Blue Jays","R",75,56,5,7,0,"2","0","7",71,60,1,4,0,"1","0","11"
"2016/09/19/bosmlb-balmlb-1","2016/09/19","PM","Orioles","Red Sox","R",86,64,5,9,0,"2","1","7",82,68,2,4,1,"1","0","4"
"2015/08/31/tbamlb-balmlb-1","2015/08/31","PM","Orioles","Rays","R",65,66,6,10,2,"3","0","10",63,68,3,8,0,"0","0","7"
"2015/03/11/tormlb-balmlb-1","2015/03/11","PM","Orioles","Blue Jays","S",4,6,5,8,0,"0","0","5",3,7,2,7,0,"0","0","4"
"2016/04/17/balmlb-texmlb-1","2016/04/17","PM","Rangers","Orioles","R",8,3,NA,NA,NA,NA,NA,NA,7,6,NA,NA,NA,NA,NA,NA
"2016/05/25/balmlb-houmlb-1","2016/05/25","PM","Astros","Orioles","R",26,18,3,11,4,"0","1","7",19,28,4,8,1,"2","0","18"
"2016/08/16/bosmlb-balmlb-1","2016/08/16","PM","Orioles","Red Sox","R",66,52,5,7,0,"2","0","13",66,52,3,4,0,"0","0","6"
"2016/07/26/colmlb-balmlb-1","2016/07/26","PM","Orioles","Rockies","R",48,52,6,9,0,"0","0","6",58,41,3,5,0,"1","0","7"
"2014/03/13/balmlb-nyamlb-1","2014/03/13","PM","Yankees","Orioles","S",9,5,0,6,2,"0","0","6",8,5,6,10,1,"0","0","13"
"2016/04/11/balmlb-bosmlb-1","2016/04/11","PM","Red Sox","Orioles","R",6,0,9,9,2,"2","0","8",3,3,7,11,0,"1","2","15"
"2016/07/25/colmlb-balmlb-1","2016/07/25","PM","Orioles","Rockies","R",47,52,2,6,3,"1","0","4",58,40,3,6,0,"0","0","11"
"2014/07/29/anamlb-balmlb-1","2014/07/29","PM","Orioles","Angels","R",63,42,6,11,1,"1","0","9",59,46,7,10,2,"3","0","11"
"2015/05/02/tbamlb-balmlb-1","2015/05/02","PM","Orioles","Rays","R",13,11,0,4,0,"0","0","6",11,11,4,7,0,"1","0","7"
"2016/03/18/balmlb-nyamlb-1","2016/03/18","PM","Yankees","Orioles","S",5,12,11,14,0,"1","0","3",6,9,2,5,1,"0","0","7"
"2014/04/05/balmlb-detmlb-1","2014/04/05","PM","Tigers","Orioles","R",1,4,6,10,0,"0","1","5",4,0,7,13,1,"1","2","5"
"2015/05/09/balmlb-nyamlb-1","2015/05/09","PM","Yankees","Orioles","R",13,15,6,9,2,"3","0","10",19,12,2,8,0,"0","0","9"
"2015/09/08/balmlb-nyamlb-1","2015/09/08","PM","Yankees","Orioles","R",66,72,2,9,1,"2","0","7",77,60,1,6,0,"1","0","11"
"2014/09/16/tormlb-balmlb-1","2014/09/16","PM","Orioles","Blue Jays","R",77,73,2,4,1,"0","1","12",91,60,8,8,1,"2","0","10"
"2015/09/20/balmlb-tbamlb-1","2015/09/20","PM","Rays","Orioles","R",73,76,6,9,0,"1","0","12",72,77,7,14,2,"2","1","5"
"2014/09/08/balmlb-bosmlb-1","2014/09/08","PM","Red Sox","Orioles","R",84,59,4,7,1,"0","1","9",63,81,0,7,3,"0","0","8"
"2014/09/02/cinmlb-balmlb-1","2014/09/02","PM","Orioles","Reds","R",66,72,4,7,0,"1","1","4",80,57,5,10,2,"1","0","10"
"2015/08/24/balmlb-kcamlb-1","2015/08/24","PM","Royals","Orioles","R",62,62,3,5,1,"1","0","5",76,48,8,13,0,"1","0","8"
"2016/07/15/balmlb-tbamlb-1","2016/07/15","PM","Rays","Orioles","R",52,36,4,7,0,"2","0","7",34,55,3,9,0,"0","0","6"
"2014/03/29/balmlb-noraaa-1","2014/03/29","PM","Tides","Orioles","E",1,0,4,8,0,"1","0","2",0,1,3,7,0,"0","1","5"
"2014/08/02/seamlb-balmlb-1","2014/08/02","PM","Orioles","Mariners","R",57,53,6,11,2,"2","0","9",61,48,3,8,0,"1","0","2"
"2016/08/09/balmlb-oakmlb-1","2016/08/09","PM","Athletics","Orioles","R",63,49,1,3,0,"1","0","4",50,63,2,6,0,"0","0","6"
"2016/07/19/balmlb-nyamlb-1","2016/07/19","PM","Yankees","Orioles","R",53,39,1,4,1,"0","0","5",47,46,7,7,0,"2","2","6"
"2014/08/12/nyamlb-balmlb-1","2014/08/12","PM","Orioles","Yankees","R",61,57,NA,NA,NA,NA,NA,NA,68,50,NA,NA,NA,NA,NA,NA
"2016/06/01/bosmlb-balmlb-1","2016/06/01","PM","Orioles","Red Sox","R",32,21,9,15,1,"5","0","4",29,22,13,14,1,"0","0","6"
"2014/05/02/balmlb-minmlb-1","2014/05/02","PM","Twins","Orioles","R",15,12,3,9,1,"1","0","13",12,15,0,4,0,"0","3","6"
"2014/08/18/balmlb-chamlb-1","2014/08/18","PM","White Sox","Orioles","R",71,52,8,12,0,"3","0","7",59,66,2,3,0,"0","0","11"
"2015/09/26/balmlb-bosmlb-1","2015/09/26","PM","Red Sox","Orioles","R",76,78,0,5,3,"0","0","10",74,80,8,8,0,"0","0","4"
"2015/10/03/nyamlb-balmlb-2","2015/10/03","PM","Orioles","Yankees","R",87,74,3,6,1,"0","1","9",80,81,4,7,0,"2","1","8"
"2016/09/25/arimlb-balmlb-1","2016/09/25","PM","Orioles","D-backs","R",64,91,1,4,1,"0","2","10",85,71,2,5,1,"1","0","11"
"2016/03/30/detmlb-balmlb-1","2016/03/30","PM","Orioles","Tigers","S",16,11,2,6,0,"1","0","11",10,15,1,4,1,"0","0","4"
"2014/05/06/balmlb-tbamlb-1","2014/05/06","PM","Rays","Orioles","R",16,14,5,11,1,"1","0","4",15,18,3,6,1,"1","0","9"
"2014/03/17/balmlb-phimlb-1","2014/03/17","PM","Phillies","Orioles","S",10,6,NA,NA,NA,NA,NA,NA,5,12,NA,NA,NA,NA,NA,NA
"2016/07/21/balmlb-nyamlb-1","2016/07/21","PM","Yankees","Orioles","R",54,40,4,9,0,"0","0","8",48,47,1,5,1,"0","0","3"
"2014/08/04/balmlb-wasmlb-1","2014/08/04","PM","Nationals","Orioles","R",63,48,7,14,0,"2","0","6",60,50,3,8,1,"1","0","5"
"2015/06/25/balmlb-bosmlb-1","2015/06/25","PM","Red Sox","Orioles","R",38,34,8,14,0,"1","1","7",32,42,6,12,2,"1","0","9"
"2015/09/30/tormlb-balmlb-1","2015/09/30","PM","Orioles","Blue Jays","R",92,65,15,18,0,"3","1","10",76,81,2,7,4,"1","1","5"
"2016/07/23/clemlb-balmlb-1","2016/07/23","PM","Orioles","Indians","R",56,40,2,7,0,"0","0","0",56,40,5,10,0,"0","0","0"
"2015/06/02/balmlb-houmlb-1","2015/06/02","PM","Astros","Orioles","R",23,28,4,7,0,"0","0","9",33,20,6,9,0,"2","0","9"
"2015/03/06/balmlb-tormlb-1","2015/03/06","PM","Blue Jays","Orioles","S",2,3,4,6,1,"1","0","9",2,2,5,9,0,"1","0","4"
"2016/08/28/balmlb-nyamlb-1","2016/08/28","PM","Yankees","Orioles","R",71,59,5,10,0,"2","0","10",67,62,0,8,0,"0","1","9"
"2014/04/06/balmlb-detmlb-1","2014/04/06","PM","Tigers","Orioles","R",2,4,3,8,0,"1","0","6",4,1,1,5,0,"1","0","5"
"2014/06/21/balmlb-nyamlb-1","2014/06/21","PM","Yankees","Orioles","R",38,35,6,9,0,"4","0","6",39,34,1,7,1,"1","0","8"
"2014/05/18/balmlb-kcamlb-1","2014/05/18","PM","Royals","Orioles","R",22,20,6,12,0,"1","0","8",22,21,8,11,0,"2","1","3"
"2014/04/16/tbamlb-balmlb-1","2014/04/16","PM","Orioles","Rays","R",7,8,0,6,1,"0","0","7",7,7,3,6,0,"0","2","9"
"2014/06/27/tbamlb-balmlb-1","2014/06/27","PM","Orioles","Rays","R",33,48,5,9,1,"0","0","9",41,37,2,3,0,"1","0","7"
"2015/03/27/tbamlb-balmlb-1","2015/03/27","PM","Orioles","Rays","S",11,9,NA,NA,NA,NA,NA,NA,9,15,NA,NA,NA,NA,NA,NA
"2014/08/20/balmlb-chamlb-1","2014/08/20","PM","White Sox","Orioles","R",73,52,4,8,0,"3","0","10",59,68,3,6,0,"1","0","9"
"2016/07/31/balmlb-tormlb-1","2016/07/31","PM","Blue Jays","Orioles","R",59,45,6,8,0,"1","0","11",59,46,2,6,0,"1","0","11"
"2015/06/17/balmlb-phimlb-1","2015/06/17","PM","Phillies","Orioles","R",34,31,6,8,1,"2","0","9",22,45,4,9,1,"1","2","9"
"2014/05/16/balmlb-kcamlb-1","2014/05/16","PM","Royals","Orioles","R",22,18,4,8,0,"1","0","3",20,21,0,5,1,"0","0","2"
"2016/09/06/balmlb-tbamlb-1","2016/09/06","PM","Rays","Orioles","R",76,62,11,14,1,"3","0","7",58,79,2,8,1,"1","1","7"
"2014/07/09/wasmlb-balmlb-1","2014/07/09","PM","Orioles","Nationals","R",49,40,6,7,0,"3","1","4",49,41,2,7,0,"1","0","5"
"2016/08/19/houmlb-balmlb-1","2016/08/19","PM","Orioles","Astros","R",62,60,15,18,1,"4","1","8",67,54,8,10,0,"5","0","12"
"2015/03/10/nyamlb-balmlb-1","2015/03/10","PM","Orioles","Yankees","S",5,3,1,6,0,"1","1","8",3,6,3,9,0,"1","1","9"
"2014/07/13/nyamlb-balmlb-1","2014/07/13","PM","Orioles","Yankees","R",47,47,1,4,0,"1","0","4",52,42,3,5,0,"1","0","2"
"2014/03/16/balmlb-tormlb-1","2014/03/16","PM","Blue Jays","Orioles","S",10,6,3,10,0,"1","0","4",7,10,4,15,1,"0","0","7"
"2015/09/04/balmlb-tormlb-1","2015/09/04","PM","Blue Jays","Orioles","R",65,69,10,13,2,"4","0","8",76,58,2,8,1,"0","1","5"
"2016/06/08/kcamlb-balmlb-1","2016/06/08","PM","Orioles","Royals","R",30,29,0,9,0,"0","0","8",35,23,4,4,0,"0","1","12"
"2014/05/08/balmlb-tbamlb-1","2014/05/08","PM","Rays","Orioles","R",18,14,3,9,0,"1","0","4",15,20,1,9,0,"0","2","9"
"2016/03/07/minmlb-balmlb-1","2016/03/07","PM","Orioles","Twins","S",4,1,3,7,0,"0","1","5",0,7,0,6,0,"0","0","8"
"2014/10/13/balmlb-kcamlb-1","2014/10/13","PM","Royals","Orioles","L",0,2,NA,NA,NA,NA,NA,NA,2,0,NA,NA,NA,NA,NA,NA
"2016/06/24/tbamlb-balmlb-1","2016/06/24","PM","Orioles","Rays","R",31,40,3,9,1,"1","0","7",42,30,6,8,0,"2","0","6"
"2015/06/27/clemlb-balmlb-1","2015/06/27","PM","Orioles","Indians","R",33,39,NA,NA,NA,NA,NA,NA,39,34,NA,NA,NA,NA,NA,NA
"2014/06/04/balmlb-texmlb-1","2014/06/04","PM","Rangers","Orioles","R",30,27,6,13,1,"2","0","9",29,30,5,11,2,"2","0","4"
"2015/04/11/tormlb-balmlb-1","2015/04/11","PM","Orioles","Blue Jays","R",3,2,1,3,1,"0","1","8",3,2,7,9,0,"3","0","10"
"2014/04/23/balmlb-tormlb-1","2014/04/23","PM","Blue Jays","Orioles","R",10,10,10,12,0,"4","0","12",11,10,8,16,0,"3","0","8"
"2016/09/07/balmlb-tbamlb-1","2016/09/07","PM","Rays","Orioles","R",76,63,6,10,0,"1","0","15",59,79,7,13,1,"2","0","7"
"2015/03/13/balmlb-tormlb-1","2015/03/13","PM","Blue Jays","Orioles","S",3,9,3,10,1,"0","0","4",5,7,5,10,2,"0","2","5"
"2014/04/12/tormlb-balmlb-1","2014/04/12","PM","Orioles","Blue Jays","R",6,6,1,7,0,"1","1","8",5,6,2,9,0,"0","1","7"
"2016/08/31/tormlb-balmlb-1","2016/08/31","PM","Orioles","Blue Jays","R",76,57,5,9,1,"3","0","4",72,61,3,8,0,"1","0","8"
"2016/07/22/clemlb-balmlb-1","2016/07/22","PM","Orioles","Indians","R",56,39,1,8,0,"0","0","6",55,40,5,10,0,"2","0","9"
"2014/03/31/bosmlb-balmlb-1","2014/03/31","PM","Orioles","Red Sox","R",0,1,1,9,0,"1","0","9",1,0,2,6,0,"1","0","6"
"2015/08/29/balmlb-texmlb-1","2015/08/29","PM","Rangers","Orioles","R",63,66,3,9,0,"1","0","4",67,61,4,12,0,"1","0","7"
"2016/05/03/nyamlb-balmlb-1","2016/05/03","PM","Orioles","Yankees","R",8,16,1,7,2,"0","0","6",15,10,4,5,0,"2","0","9"
"2014/07/25/balmlb-seamlb-1","2014/07/25","PM","Mariners","Orioles","R",57,45,2,6,0,"2","0","9",53,50,1,8,0,"0","1","12"
"2014/09/01/minmlb-balmlb-1","2014/09/01","PM","Orioles","Twins","R",60,77,6,7,1,"0","0","5",79,57,4,6,1,"2","0","7"
"2015/07/12/wasmlb-balmlb-1","2015/07/12","PM","Orioles","Nationals","R",48,39,3,8,0,"0","0","8",44,44,2,4,1,"2","0","9"
"2014/05/04/balmlb-minmlb-1","2014/05/04","PM","Twins","Orioles","R",15,14,2,8,0,"1","0","9",14,15,5,10,1,"0","2","5"
"2014/04/15/tbamlb-balmlb-1","2014/04/15","PM","Orioles","Rays","R",7,7,NA,NA,NA,NA,NA,NA,6,7,NA,NA,NA,NA,NA,NA
"2016/03/16/pitmlb-balmlb-1","2016/03/16","PM","Orioles","Pirates","S",5,9,3,6,0,"1","0","15",3,11,9,12,2,"3","0","6"
"2016/08/13/balmlb-sfnmlb-1","2016/08/13","PM","Giants","Orioles","R",65,51,2,5,0,"0","0","13",66,50,6,7,0,"1","1","10"
"2015/06/14/nyamlb-balmlb-1","2015/06/14","PM","Orioles","Yankees","R",34,28,5,10,0,"0","0","10",31,31,3,6,0,"0","0","7"
"2016/03/03/balmlb-tbamlb-1","2016/03/03","PM","Rays","Orioles","S",0,2,3,5,0,"0","0","3",1,1,10,17,3,"2","0","8"
"2016/07/18/balmlb-nyamlb-1","2016/07/18","PM","Yankees","Orioles","R",53,38,1,5,0,"1","1","6",46,46,2,7,1,"1","0","6"
"2016/08/11/balmlb-oakmlb-1","2016/08/11","PM","Athletics","Orioles","R",64,50,9,11,0,"2","0","4",51,64,6,10,1,"2","0","9"
"2014/04/08/balmlb-nyamlb-1","2014/04/08","PM","Yankees","Orioles","R",3,5,14,20,0,"3","0","8",4,4,5,13,0,"2","1","8"
"2014/05/10/houmlb-balmlb-1","2014/05/10","PM","Orioles","Astros","R",11,26,4,11,0,"1","4","5",20,14,5,13,1,"2","0","9"
"2016/03/13/balmlb-minmlb-1","2016/03/13","PM","Twins","Orioles","S",1,11,5,6,2,"1","0","7",6,6,14,15,1,"1","1","7"
"2014/02/28/balmlb-tbamlb-1","2014/02/28","PM","Rays","Orioles","S",1,0,4,9,0,"0","1","8",0,1,2,7,0,"0","0","8"
"2016/09/27/balmlb-tormlb-1","2016/09/27","PM","Blue Jays","Orioles","R",85,72,1,8,1,"0","0","6",87,70,5,9,0,"2","0","12"
"2016/03/26/bosmlb-balmlb-1","2016/03/26","PM","Orioles","Red Sox","S",11,14,8,14,1,"1","2","4",8,14,16,20,0,"4","4","7"
"2014/09/05/balmlb-tbamlb-1","2014/09/05","PM","Rays","Orioles","R",82,58,0,6,0,"0","0","0",68,74,3,8,0,"0","0","0"
"2015/08/02/detmlb-balmlb-1","2015/08/02","PM","Orioles","Tigers","R",51,54,6,9,0,"1","2","5",53,51,1,4,1,"1","0","5"
"2015/03/07/bosmlb-balmlb-1","2015/03/07","PM","Orioles","Red Sox","S",1,2,7,10,1,"2","1","9",2,4,6,6,0,"1","0","9"
"2014/03/08/bosmlb-balmlb-1","2014/03/08","PM","Orioles","Red Sox","S",2,6,3,6,2,"2","0","3",6,2,7,13,1,"1","0","12"
"2014/03/12/phimlb-balmlb-1","2014/03/12","PM","Orioles","Phillies","S",3,10,6,12,0,"0","0","4",9,4,5,8,0,"2","1","6"
"2016/09/24/arimlb-balmlb-1","2016/09/24","PM","Orioles","D-backs","R",64,90,1,7,2,"0","0","8",84,71,6,10,0,"2","0","11"
"2014/05/23/clemlb-balmlb-1","2014/05/23","PM","Orioles","Indians","R",23,26,4,7,1,"1","1","1",24,22,8,14,0,"2","0","7"
"2014/07/01/texmlb-balmlb-1","2014/07/01","PM","Orioles","Rangers","R",37,46,3,10,2,"0","0","4",44,39,8,8,0,"3","0","6"
"2015/07/31/detmlb-balmlb-1","2015/07/31","PM","Orioles","Tigers","R",50,53,7,16,2,"3","0","5",52,50,8,11,0,"2","0","12"
"2014/03/26/balmlb-bosmlb-1","2014/03/26","PM","Red Sox","Orioles","S",13,8,5,11,0,"1","0","6",9,16,4,8,0,"2","0","5"
"2014/04/09/balmlb-nyamlb-1","2014/04/09","PM","Yankees","Orioles","R",4,5,5,12,0,"1","0","5",4,5,4,10,1,"2","0","12"
"2015/05/20/seamlb-balmlb-1","2015/05/20","PM","Orioles","Mariners","R",18,21,4,12,0,"1","0","6",17,20,2,10,0,"0","0","6"
"2016/06/12/balmlb-tormlb-1","2016/06/12","PM","Blue Jays","Orioles","R",36,26,9,13,1,"5","1","10",35,30,10,14,0,"2","1","15"
"2014/03/22/balmlb-tbamlb-1","2014/03/22","PM","Rays","Orioles","S",12,7,3,7,0,"1","0","3",14,5,3,9,1,"1","0","14"
"2015/03/22/slnmlb-balmlb-1","2015/03/22","PM","Orioles","Cardinals","S",9,7,8,12,0,"2","4","6",8,13,6,10,3,"3","1","13"
"2015/07/25/balmlb-tbamlb-1","2015/07/25","PM","Rays","Orioles","R",47,49,5,7,0,"1","0","6",49,50,1,5,2,"1","0","3"
"2015/04/12/tormlb-balmlb-1","2015/04/12","PM","Orioles","Blue Jays","R",4,2,10,10,0,"3","1","9",3,3,7,8,0,"2","1","5"
"2014/09/21/bosmlb-balmlb-1","2014/09/21","PM","Orioles","Red Sox","R",68,88,3,12,0,"2","1","8",93,62,2,6,0,"0","1","8"
"2016/03/15/balmlb-tormlb-1","2016/03/15","PM","Blue Jays","Orioles","S",2,11,6,12,1,"1","2","5",10,2,6,12,0,"2","1","5"
"2016/07/29/balmlb-tormlb-1","2016/07/29","PM","Blue Jays","Orioles","R",58,44,5,7,1,"1","0","7",58,45,6,7,2,"3","0","9"
"2014/04/13/tormlb-balmlb-1","2014/04/13","PM","Orioles","Blue Jays","R",7,6,11,17,1,"3","0","4",5,7,3,8,0,"2","0","3"
"2016/04/06/minmlb-balmlb-1","2016/04/06","PM","Orioles","Twins","R",0,2,2,5,0,"1","0","6",2,0,4,9,0,"1","0","13"
"2016/06/02/bosmlb-balmlb-1","2016/06/02","PM","Orioles","Red Sox","R",32,22,7,12,0,"1","0","4",30,22,12,11,1,"7","1","6"
"2014/03/08/balmlb-bosmlb-1","2014/03/08","PM","Red Sox","Orioles","S",6,2,13,13,0,"0","4","11",2,6,2,3,6,"1","0","7"
"2016/09/04/nyamlb-balmlb-1","2016/09/04","PM","Orioles","Yankees","R",70,65,5,7,0,"0","0","10",74,62,2,6,1,"0","0","6"
"2014/05/11/houmlb-balmlb-1","2014/05/11","PM","Orioles","Astros","R",12,26,5,11,0,"2","0","8",20,15,2,8,0,"0","0","9"
"2014/07/30/anamlb-balmlb-1","2014/07/30","PM","Orioles","Angels","R",63,43,3,4,0,"0","0","7",60,46,4,6,0,"1","0","5"
"2015/05/29/tbamlb-balmlb-1","2015/05/29","PM","Orioles","Rays","R",24,25,1,5,0,"1","0","9",23,24,2,6,0,"1","0","8"
"2016/05/15/detmlb-balmlb-1","2016/05/15","PM","Orioles","Tigers","R",16,21,6,13,1,"3","0","12",23,13,5,7,0,"1","1","8"
"2014/05/01/pitmlb-balmlb-2","2014/05/01","AM","Orioles","Pirates","R",10,18,5,11,0,"0","0","6",14,12,6,12,0,"2","0","14"
"2015/08/28/balmlb-texmlb-1","2015/08/28","PM","Rangers","Orioles","R",63,65,1,3,0,"0","0","3",66,61,4,9,0,"2","0","12"
"2014/03/19/tbamlb-balmlb-1","2014/03/19","PM","Orioles","Rays","S",13,4,7,14,2,"3","1","5",10,7,4,10,0,"1","2","7"
"2015/08/05/balmlb-oakmlb-1","2015/08/05","PM","Athletics","Orioles","R",55,52,7,11,0,"1","0","11",48,61,3,8,0,"0","3","8"
"2016/06/14/balmlb-bosmlb-1","2016/06/14","PM","Red Sox","Orioles","R",37,26,3,5,0,"2","0","11",36,27,2,7,0,"1","0","13"
"2014/07/26/balmlb-seamlb-1","2014/07/26","PM","Mariners","Orioles","R",57,46,3,3,0,"0","0","7",54,50,4,7,1,"0","0","9"
"2014/08/13/nyamlb-balmlb-1","2014/08/13","PM","Orioles","Yankees","R",61,58,3,6,0,"1","1","8",69,50,5,6,0,"2","0","5"
"2016/03/19/balmlb-tbamlb-1","2016/03/19","PM","Rays","Orioles","S",5,12,NA,NA,NA,NA,NA,NA,8,9,NA,NA,NA,NA,NA,NA
"2016/07/10/anamlb-balmlb-1","2016/07/10","PM","Orioles","Angels","R",37,52,2,5,1,"0","0","7",51,36,4,12,1,"2","0","6"
"2014/03/09/pitmlb-balmlb-1","2014/03/09","PM","Orioles","Pirates","S",7,3,2,5,0,"2","0","6",8,2,9,16,1,"2","0","11"
"2016/04/25/balmlb-tbamlb-1","2016/04/25","PM","Rays","Orioles","R",11,7,0,5,0,"0","0","9",9,10,2,5,0,"0","0","11"
"2014/06/08/oakmlb-balmlb-1","2014/06/08","PM","Orioles","Athletics","R",39,24,11,10,0,"1","0","7",31,30,1,6,1,"0","0","5"
"2015/06/01/balmlb-houmlb-1","2015/06/01","PM","Astros","Orioles","R",23,27,2,7,0,"0","0","10",32,20,5,9,0,"1","1","8"
"2015/07/23/balmlb-nyamlb-1","2015/07/23","PM","Yankees","Orioles","R",46,48,3,5,0,"3","0","7",53,41,9,13,0,"1","0","8"
"2016/08/22/wasmlb-balmlb-1","2016/08/22","PM","Orioles","Nationals","R",73,51,3,5,0,"2","1","9",68,56,4,5,0,"2","0","9"
"2014/05/21/balmlb-pitmlb-1","2014/05/21","PM","Pirates","Orioles","R",23,21,8,12,0,"1","1","6",19,26,9,13,1,"0","0","9"
"2016/06/05/nyamlb-balmlb-1","2016/06/05","PM","Orioles","Yankees","R",26,30,1,10,1,"0","0","12",32,23,3,6,1,"0","0","8"
"2016/05/08/oakmlb-balmlb-1","2016/05/08","PM","Orioles","Athletics","R",14,18,3,7,0,"0","0","8",18,12,11,12,1,"6","0","9"
"2015/03/14/tbamlb-balmlb-1","2015/03/14","PM","Orioles","Rays","S",4,6,3,9,1,"1","2","7",3,10,2,4,0,"1","1","7"
"2015/09/19/balmlb-tbamlb-1","2015/09/19","PM","Rays","Orioles","R",73,75,2,10,0,"0","0","9",71,77,1,6,0,"0","0","5"
"2014/06/05/balmlb-texmlb-1","2014/06/05","PM","Rangers","Orioles","R",30,28,6,8,3,"2","1","4",30,30,8,13,0,"1","2","7"
"2015/07/29/atlmlb-balmlb-1","2015/07/29","PM","Orioles","Braves","R",46,55,0,4,0,"0","0","9",51,49,2,6,1,"2","0","2"
"2016/06/09/balmlb-tormlb-1","2016/06/09","PM","Blue Jays","Orioles","R",36,23,6,11,0,"2","0","6",32,30,5,8,0,"0","0","5"
"2015/06/21/balmlb-tormlb-1","2015/06/21","PM","Blue Jays","Orioles","R",36,33,13,16,0,"2","0","8",37,34,9,12,1,"3","0","9"
"2015/09/28/tormlb-balmlb-1","2015/09/28","PM","Orioles","Blue Jays","R",91,65,4,10,0,"1","0","5",76,80,3,4,0,"1","0","4"
"2014/08/05/balmlb-tormlb-1","2014/08/05","PM","Blue Jays","Orioles","R",64,48,9,14,0,"3","1","10",60,54,3,12,1,"1","0","8"
"2016/03/10/nyamlb-balmlb-1","2016/03/10","PM","Orioles","Yankees","S",2,5,4,12,3,"0","0","9",0,9,4,10,0,"1","0","8"
"2014/04/14/tbamlb-balmlb-1","2014/04/14","PM","Orioles","Rays","R",7,7,1,6,0,"0","0","0",6,7,7,13,0,"0","0","0"
"2014/05/20/balmlb-pitmlb-1","2014/05/20","PM","Pirates","Orioles","R",23,20,9,12,0,"4","0","9",18,26,2,10,0,"1","0","6"
"2014/03/06/tbamlb-balmlb-1","2014/03/06","PM","Orioles","Rays","S",4,1,NA,NA,NA,NA,NA,NA,4,2,NA,NA,NA,NA,NA,NA
"2015/06/10/bosmlb-balmlb-1","2015/06/10","PM","Orioles","Red Sox","R",27,33,2,7,0,"0","0","9",28,30,5,10,0,"0","0","10"
"2014/05/14/detmlb-balmlb-1","2014/05/14","PM","Orioles","Tigers","R",24,12,7,9,0,"1","3","6",20,18,5,9,1,"1","0","6"
"2016/03/29/atlmlb-balmlb-1","2016/03/29","PM","Orioles","Braves","S",6,18,4,12,0,"0","1","11",10,14,4,9,0,"2","1","8"
"2014/07/12/nyamlb-balmlb-1","2014/07/12","PM","Orioles","Yankees","R",47,46,3,9,0,"0","0","12",51,42,0,5,0,"0","1","5"
"2015/05/30/tbamlb-balmlb-1","2015/05/30","PM","Orioles","Rays","R",25,25,3,8,0,"2","1","8",23,25,0,3,0,"0","0","6"
"2014/08/28/tbamlb-balmlb-1","2014/08/28","PM","Orioles","Rays","R",65,69,4,7,2,"1","0","7",76,56,5,11,0,"1","2","6"
"2016/08/21/houmlb-balmlb-1","2016/08/21","PM","Orioles","Astros","R",64,60,5,9,0,"1","1","7",67,56,3,6,1,"2","0","5"
"2015/03/31/tbamlb-balmlb-1","2015/03/31","PM","Orioles","Rays","S",12,11,4,8,0,"1","0","6",11,17,3,11,2,"1","1","3"
"2014/08/30/minmlb-balmlb-1","2014/08/30","PM","Orioles","Twins","R",59,76,2,10,0,"0","0","6",78,56,3,8,1,"1","0","12"
"2015/04/25/bosmlb-balmlb-1","2015/04/25","PM","Orioles","Red Sox","R",10,8,4,8,0,"2","0","4",8,10,5,11,1,"2","1","7"
"2015/05/25/houmlb-balmlb-1","2015/05/25","PM","Orioles","Astros","R",29,17,3,11,0,"1","0","3",20,22,4,6,0,"2","0","12"
"2016/08/25/balmlb-wasmlb-1","2016/08/25","PM","Nationals","Orioles","R",70,57,0,3,0,"0","1","6",74,53,4,10,0,"1","2","10"
"2015/04/28/chamlb-balmlb-1","2015/04/28","PM","Orioles","White Sox","R",8,9,NA,NA,NA,NA,NA,NA,9,10,NA,NA,NA,NA,NA,NA
"2015/05/15/anamlb-balmlb-1","2015/05/15","PM","Orioles","Angels","R",18,17,3,7,1,"1","0","6",15,18,1,5,1,"1","0","7"
"2014/10/10/kcamlb-balmlb-1","2014/10/10","PM","Orioles","Royals","L",1,0,8,12,1,"3","0","10",0,1,6,14,1,"0","2","9"
"2015/08/30/balmlb-texmlb-1","2015/08/30","PM","Rangers","Orioles","R",63,67,0,3,1,"0","0","6",68,61,6,11,0,"0","2","11"
"2015/07/03/balmlb-chamlb-1","2015/07/03","PM","White Sox","Orioles","R",42,38,0,5,0,"0","0","5",35,42,1,7,1,"1","0","9"
"2015/07/28/atlmlb-balmlb-1","2015/07/28","PM","Orioles","Braves","R",46,54,3,8,1,"1","0","8",50,49,7,9,0,"2","0","4"
"2014/07/18/balmlb-oakmlb-1","2014/07/18","PM","Athletics","Orioles","R",52,43,4,7,0,"2","0","8",60,36,5,7,0,"2","0","4"
"2014/06/03/balmlb-texmlb-1","2014/06/03","PM","Rangers","Orioles","R",29,27,8,17,0,"2","0","7",29,29,3,7,0,"2","0","4"
"2016/08/03/texmlb-balmlb-1","2016/08/03","PM","Orioles","Rangers","R",62,46,2,7,0,"1","0","6",61,45,3,4,0,"0","1","7"
"2016/05/20/balmlb-anamlb-1","2016/05/20","PM","Angels","Orioles","R",25,15,9,14,1,"4","0","4",19,23,4,7,1,"0","0","7"
"2016/08/24/balmlb-wasmlb-1","2016/08/24","PM","Nationals","Orioles","R",70,56,10,12,0,"2","0","11",73,53,8,15,2,"2","0","8"
"2015/06/05/balmlb-clemlb-1","2015/06/05","PM","Indians","Orioles","R",25,29,5,11,0,"1","0","6",26,28,2,7,0,"0","0","7"
"2016/05/04/nyamlb-balmlb-1","2016/05/04","PM","Orioles","Yankees","R",9,16,7,10,0,"0","2","10",15,11,0,7,1,"0","0","5"
"2015/06/04/balmlb-houmlb-1","2015/06/04","PM","Astros","Orioles","R",24,29,3,8,1,"1","1","14",34,21,2,5,0,"1","1","10"
"2014/08/25/tbamlb-balmlb-1","2014/08/25","PM","Orioles","Rays","R",64,67,1,4,2,"0","0","8",74,55,9,14,1,"5","0","4"
"2016/07/03/balmlb-seamlb-1","2016/07/03","PM","Mariners","Orioles","R",47,34,4,12,1,"1","0","8",43,39,9,10,1,"1","0","6"
"2016/06/20/balmlb-texmlb-1","2016/06/20","PM","Rangers","Orioles","R",40,29,3,15,0,"0","0","8",46,25,4,9,0,"1","1","7"
"2016/03/02/atlmlb-balmlb-1","2016/03/02","PM","Orioles","Braves","S",1,0,11,14,0,"2","0","2",0,1,4,7,0,"2","1","4"
"2014/09/24/balmlb-nyamlb-1","2014/09/24","PM","Yankees","Orioles","R",95,63,9,15,0,"0","0","10",81,77,5,9,0,"3","0","7"
"2016/04/21/tormlb-balmlb-1","2016/04/21","PM","Orioles","Blue Jays","R",8,9,2,4,0,"0","0","12",10,4,3,10,0,"0","1","9"
"2015/04/10/tormlb-balmlb-1","2015/04/10","PM","Orioles","Blue Jays","R",3,1,12,16,1,"0","0","2",2,2,5,13,1,"2","0","6"
"2016/04/26/balmlb-tbamlb-1","2016/04/26","PM","Rays","Orioles","R",11,8,1,9,0,"0","0","8",10,10,3,7,0,"1","2","3"
"2015/09/30/tormlb-balmlb-2","2015/09/30","AM","Orioles","Blue Jays","R",92,66,1,5,0,"1","0","5",77,81,8,11,0,"4","0","11"
"2015/07/26/balmlb-tbamlb-1","2015/07/26","PM","Rays","Orioles","R",48,49,5,10,0,"1","0","7",49,51,2,8,0,"2","0","10"
"2014/06/30/texmlb-balmlb-1","2014/06/30","PM","Orioles","Rangers","R",37,45,1,4,2,"0","0","4",43,39,7,10,1,"4","0","9"
"2014/05/12/detmlb-balmlb-1","2014/05/12","PM","Orioles","Tigers","R",22,12,4,5,1,"1","1","4",20,16,1,6,0,"0","0","9"
"2015/05/19/seamlb-balmlb-1","2015/05/19","PM","Orioles","Mariners","R",17,21,4,6,1,"2","0","6",17,19,9,13,0,"1","2","9"
"2015/07/30/detmlb-balmlb-1","2015/07/30","PM","Orioles","Tigers","R",50,52,9,16,0,"1","0","6",51,50,8,10,0,"2","0","6"
"2016/07/09/anamlb-balmlb-1","2016/07/09","PM","Orioles","Angels","R",37,51,2,8,0,"0","0","9",50,36,3,10,0,"1","0","4"
"2015/05/28/chamlb-balmlb-2","2015/05/28","AM","Orioles","White Sox","R",21,25,3,6,2,"2","0","5",22,24,6,13,0,"0","1","4"
"2016/04/27/balmlb-tbamlb-1","2016/04/27","PM","Rays","Orioles","R",12,8,3,3,0,"1","0","10",10,11,1,4,0,"0","0","9"
"2016/03/31/atlmlb-balmlb-1","2016/03/31","PM","Orioles","Braves","S",6,20,1,5,0,"0","0","10",11,15,6,10,1,"2","1","6"
"2016/03/06/balmlb-bosmlb-1","2016/03/06","PM","Red Sox","Orioles","S",0,6,7,10,0,"0","2","8",3,2,8,14,2,"0","1","13"
"2016/09/12/balmlb-bosmlb-1","2016/09/12","PM","Red Sox","Orioles","R",78,65,2,2,1,"2","0","7",81,62,12,16,1,"3","0","9"
"2015/08/26/balmlb-kcamlb-1","2015/08/26","PM","Royals","Orioles","R",63,63,8,13,0,"5","1","6",77,49,5,11,0,"1","0","11"
"2015/08/10/balmlb-seamlb-1","2015/08/10","PM","Mariners","Orioles","R",57,54,3,7,1,"2","0","9",52,61,2,5,0,"1","0","7"
"2016/05/17/seamlb-balmlb-1","2016/05/17","PM","Orioles","Mariners","R",22,16,10,12,1,"2","0","3",23,14,0,2,1,"0","0","6"
"2015/06/30/texmlb-balmlb-1","2015/06/30","PM","Orioles","Rangers","R",40,38,8,12,1,"4","0","6",41,36,6,7,0,"3","1","4"
"2016/05/12/detmlb-balmlb-1","2016/05/12","PM","Orioles","Tigers","R",15,19,5,13,0,"1","0","5",21,12,7,12,1,"0","0","4"
"2014/09/03/cinmlb-balmlb-1","2014/09/03","PM","Orioles","Reds","R",66,73,0,4,0,"0","0","5",81,57,6,7,1,"3","0","8"
"2016/06/21/sdnmlb-balmlb-1","2016/06/21","PM","Orioles","Padres","R",30,42,10,15,1,"1","2","14",40,30,7,10,2,"2","0","7"
"2015/04/29/chamlb-balmlb-1","2015/04/29","PM","Orioles","White Sox","R",8,10,2,4,1,"0","0","7",10,10,8,11,1,"2","0","9"
"2015/04/02/balmlb-atlmlb-1","2015/04/02","PM","Braves","Orioles","S",11,18,5,11,0,"1","2","7",14,16,6,14,3,"0","0","9"
"2015/06/28/clemlb-balmlb-1","2015/06/28","PM","Orioles","Indians","R",33,40,0,4,0,"0","0","5",40,34,4,6,0,"2","0","8"
"2014/05/03/balmlb-minmlb-1","2014/05/03","PM","Twins","Orioles","R",15,13,1,7,2,"0","1","8",13,15,6,12,0,"2","1","4"
"2016/04/09/tbamlb-balmlb-1","2016/04/09","PM","Orioles","Rays","R",2,3,NA,NA,NA,NA,NA,NA,4,0,NA,NA,NA,NA,NA,NA
"2014/10/03/detmlb-balmlb-1","2014/10/03","PM","Orioles","Tigers","D",0,2,6,10,0,"2","1","6",2,0,7,9,0,"1","0","9"
"2015/04/03/atlmlb-balmlb-1","2015/04/03","PM","Orioles","Braves","S",14,17,2,5,0,"0","0","8",12,18,3,7,1,"1","1","11"
"2014/07/19/balmlb-oakmlb-1","2014/07/19","PM","Athletics","Orioles","R",53,43,8,13,0,"3","2","7",60,37,4,8,1,"1","0","7"
"2016/04/04/minmlb-balmlb-1","2016/04/04","PM","Orioles","Twins","R",0,1,2,7,0,"0","0","10",1,0,3,10,0,"0","1","10"
"2014/08/03/seamlb-balmlb-1","2014/08/03","PM","Orioles","Mariners","R",57,54,0,4,0,"0","1","7",62,48,1,5,0,"1","0","9"
"2015/03/08/balmlb-minmlb-1","2015/03/08","PM","Twins","Orioles","S",2,5,1,7,0,"0","0","7",2,2,2,4,1,"0","1","9"
"2014/08/24/balmlb-chnmlb-1","2014/08/24","PM","Cubs","Orioles","R",73,55,1,1,0,"1","0","4",58,72,2,6,0,"1","1","11"
"2014/03/20/balmlb-pitmlb-1","2014/03/20","PM","Pirates","Orioles","S",11,7,4,10,0,"0","4","8",11,8,2,6,3,"1","1","6"
"2016/07/27/colmlb-balmlb-1","2016/07/27","PM","Orioles","Rockies","R",49,52,3,5,0,"2","1","6",58,42,1,6,0,"1","0","11"
"2015/06/28/clemlb-balmlb-2","2015/06/28","PM","Orioles","Indians","R",33,41,0,8,1,"0","0","12",41,34,8,8,0,"3","0","7"
"2014/06/14/tormlb-balmlb-1","2014/06/14","PM","Orioles","Blue Jays","R",40,30,2,9,1,"0","1","4",35,32,3,7,0,"1","0","7"
"2016/05/31/bosmlb-balmlb-1","2016/05/31","PM","Orioles","Red Sox","R",32,20,6,10,0,"4","0","9",28,22,2,7,1,"0","0","10"
"2014/03/10/balmlb-pitmlb-1","2014/03/10","PM","Pirates","Orioles","S",9,2,7,11,0,"3","0","8",7,5,6,11,0,"2","1","7"
"2016/04/15/balmlb-texmlb-1","2016/04/15","PM","Rangers","Orioles","R",8,2,11,13,1,"5","0","11",6,6,5,6,1,"1","0","6"
"2016/05/05/nyamlb-balmlb-1","2016/05/05","PM","Orioles","Yankees","R",9,17,0,4,0,"0","1","8",16,11,1,7,0,"0","0","8"
"2015/04/15/nyamlb-balmlb-1","2015/04/15","PM","Orioles","Yankees","R",3,6,5,8,0,"1","1","11",5,4,7,15,0,"2","0","12"
"2016/05/28/balmlb-clemlb-1","2016/05/28","PM","Indians","Orioles","R",27,20,4,10,4,"0","0","5",26,21,11,13,0,"0","5","10"
"2014/09/13/nyamlb-balmlb-1","2014/09/13","PM","Orioles","Yankees","R",76,71,3,4,0,"1","2","10",88,60,2,9,0,"1","1","2"
"2014/10/15/balmlb-kcamlb-1","2014/10/15","PM","Royals","Orioles","L",0,4,1,4,1,"1","0","6",4,0,2,5,0,"0","0","8"
"2015/09/17/balmlb-tbamlb-1","2015/09/17","PM","Rays","Orioles","R",72,74,4,7,1,"0","0","8",70,76,3,6,0,"1","0","11"
"2014/06/24/chamlb-balmlb-1","2014/06/24","PM","Orioles","White Sox","R",36,42,4,11,0,"1","2","8",40,36,2,9,1,"1","0","3"
"2016/05/06/oakmlb-balmlb-1","2016/05/06","PM","Orioles","Athletics","R",13,16,NA,NA,NA,NA,NA,NA,16,11,NA,NA,NA,NA,NA,NA
"2016/08/14/balmlb-sfnmlb-1","2016/08/14","PM","Giants","Orioles","R",66,51,8,15,1,"2","0","4",66,51,7,14,1,"1","1","7"
"2015/04/27/chamlb-balmlb-1","2015/04/27","PM","Orioles","White Sox","R",8,9,NA,NA,NA,NA,NA,NA,9,10,NA,NA,NA,NA,NA,NA
"2014/04/20/balmlb-bosmlb-1","2014/04/20","PM","Red Sox","Orioles","R",8,9,5,12,3,"1","0","9",9,10,6,8,0,"1","2","9"
"2015/07/17/balmlb-detmlb-1","2015/07/17","PM","Tigers","Orioles","R",44,45,3,10,0,"0","0","0",45,44,7,8,1,"0","0","0"
"2015/09/27/balmlb-bosmlb-1","2015/09/27","PM","Red Sox","Orioles","R",76,79,0,5,1,"0","1","7",75,80,2,8,1,"1","0","8"
"2016/06/29/balmlb-sdnmlb-1","2016/06/29","PM","Padres","Orioles","R",47,30,12,12,0,"1","0","8",33,46,6,8,1,"1","0","10"
"2016/05/14/detmlb-balmlb-1","2016/05/14","PM","Orioles","Tigers","R",15,21,3,5,1,"1","0","5",23,12,9,11,0,"4","0","9"
"2016/05/29/balmlb-clemlb-1","2016/05/29","PM","Indians","Orioles","R",28,20,6,8,1,"2","0","9",26,22,4,8,0,"3","0","12"
"2015/08/17/oakmlb-balmlb-1","2015/08/17","PM","Orioles","Athletics","R",51,69,2,3,3,"2","0","7",61,56,4,7,1,"1","0","4"
"2015/08/25/balmlb-kcamlb-1","2015/08/25","PM","Royals","Orioles","R",62,63,2,7,0,"0","1","3",77,48,3,6,1,"1","0","9"
"2015/08/07/balmlb-anamlb-1","2015/08/07","PM","Angels","Orioles","R",55,53,4,12,0,"2","0","5",58,50,8,13,1,"2","0","5"
"2014/05/31/balmlb-houmlb-1","2014/05/31","PM","Astros","Orioles","R",27,27,4,8,1,"1","0","6",24,33,1,5,0,"0","0","7"
"2015/05/11/tormlb-balmlb-1","2015/05/11","PM","Orioles","Blue Jays","R",16,17,2,8,1,"0","1","9",14,16,5,8,0,"3","0","13"
"2015/06/13/nyamlb-balmlb-1","2015/06/13","PM","Orioles","Yankees","R",33,28,4,11,0,"1","0","4",31,30,9,15,0,"3","0","9"
"2014/03/15/nyamlb-balmlb-1","2014/03/15","PM","Orioles","Yankees","S",8,8,1,6,0,"1","0","4",10,5,2,5,0,"1","1","10"
"2016/09/02/nyamlb-balmlb-1","2016/09/02","PM","Orioles","Yankees","R",69,64,0,2,0,"0","0","11",73,61,8,10,0,"4","0","7"
"2014/05/09/houmlb-balmlb-1","2014/05/09","PM","Orioles","Astros","R",11,25,3,6,0,"1","1","7",19,14,4,8,1,"2","0","6"
"2015/08/22/minmlb-balmlb-1","2015/08/22","PM","Orioles","Twins","R",62,61,3,7,0,"0","0","6",62,60,2,7,0,"0","0","8"
"2015/09/01/tbamlb-balmlb-1","2015/09/01","PM","Orioles","Rays","R",66,66,11,15,0,"1","0","14",63,69,2,6,0,"1","1","8"
"2015/05/26/houmlb-balmlb-1","2015/05/26","PM","Orioles","Astros","R",30,17,4,8,1,"0","1","5",20,23,1,5,0,"0","2","5"
"2015/07/07/balmlb-minmlb-1","2015/07/07","PM","Twins","Orioles","R",43,41,3,7,0,"1","0","7",45,39,8,11,0,"1","1","10"
"2016/03/05/balmlb-minmlb-1","2016/03/05","PM","Twins","Orioles","S",0,4,2,6,5,"0","0","2",2,1,13,16,1,"3","0","5"
"2015/06/03/balmlb-houmlb-1","2015/06/03","PM","Astros","Orioles","R",23,29,1,4,0,"0","0","10",34,20,3,4,0,"3","0","11"
"2016/05/21/balmlb-anamlb-1","2016/05/21","PM","Angels","Orioles","R",26,15,3,5,0,"1","0","7",19,24,1,9,0,"0","0","13"
"2015/05/28/chamlb-balmlb-1","2015/05/28","PM","Orioles","White Sox","R",21,24,3,9,0,"0","2","16",21,24,2,6,0,"1","0","2"
"2014/05/26/balmlb-milmlb-1","2014/05/26","PM","Brewers","Orioles","R",26,23,7,14,1,"2","0","9",30,22,6,11,0,"2","0","6"
"2015/03/12/balmlb-slnmlb-1","2015/03/12","PM","Cardinals","Orioles","S",3,8,2,5,0,"0","0","5",5,3,8,10,0,"1","1","8"
"2014/03/25/balmlb-minmlb-1","2014/03/25","PM","Twins","Orioles","S",12,8,1,6,1,"0","0","4",8,13,4,10,0,"0","1","6"
"2016/05/01/chamlb-balmlb-1","2016/05/01","PM","Orioles","White Sox","R",18,8,7,13,0,"1","0","11",14,10,1,8,0,"0","0","8"
"2014/03/05/balmlb-minmlb-1","2014/03/05","PM","Twins","Orioles","S",4,2,11,12,1,"1","2","9",4,3,5,9,1,"0","0","10"
"2014/07/02/texmlb-balmlb-1","2014/07/02","PM","Orioles","Rangers","R",37,47,4,8,0,"0","0","5",45,39,6,8,1,"2","0","7"
"2014/04/21/balmlb-bosmlb-1","2014/04/21","AM","Red Sox","Orioles","R",9,9,7,10,0,"0","0","9",9,11,6,11,0,"2","0","2"
"2015/04/20/balmlb-bosmlb-1","2015/04/20","AM","Red Sox","Orioles","R",7,6,1,4,3,"0","1","3",8,5,7,5,0,"0","1","7"
"2015/03/29/minmlb-balmlb-1","2015/03/29","PM","Orioles","Twins","S",11,13,6,9,2,"2","1","5",10,16,5,7,1,"3","0","8"
"2015/06/09/bosmlb-balmlb-1","2015/06/09","PM","Orioles","Red Sox","R",27,32,0,5,0,"0","0","8",27,30,1,5,0,"0","0","6"
"2016/08/17/bosmlb-balmlb-1","2016/08/17","PM","Orioles","Red Sox","R",67,52,8,13,1,"2","1","4",66,53,1,4,0,"1","0","4"
"2016/10/02/balmlb-nyamlb-1","2016/10/02","PM","Yankees","Orioles","R",89,73,5,7,0,"2","0","6",84,78,2,10,0,"1","0","8"
"2016/04/30/chamlb-balmlb-1","2016/04/30","PM","Orioles","White Sox","R",17,8,8,10,2,"2","1","6",14,9,7,14,2,"2","0","8"
"2015/08/08/balmlb-anamlb-1","2015/08/08","PM","Angels","Orioles","R",56,53,5,11,1,"2","1","6",58,51,0,5,1,"0","0","9"
"2016/07/05/balmlb-lanmlb-1","2016/07/05","PM","Dodgers","Orioles","R",48,35,4,9,0,"1","0","7",48,38,1,6,1,"0","0","11"
"2015/10/02/nyamlb-balmlb-1","2015/10/02","PM","Orioles","Yankees","R",87,72,NA,NA,NA,NA,NA,NA,78,81,NA,NA,NA,NA,NA,NA
"2015/09/15/bosmlb-balmlb-1","2015/09/15","PM","Orioles","Red Sox","R",68,76,5,12,1,"1","1","12",71,73,6,9,0,"2","0","15"
"2016/09/21/bosmlb-balmlb-1","2016/09/21","PM","Orioles","Red Sox","R",88,64,5,6,0,"1","1","6",82,70,1,4,3,"0","0","10"
"2014/07/08/balmlb-wasmlb-1","2014/07/08","PM","Nationals","Orioles","R",49,40,NA,NA,NA,NA,NA,NA,48,40,NA,NA,NA,NA,NA,NA
"2016/09/03/nyamlb-balmlb-1","2016/09/03","PM","Orioles","Yankees","R",69,65,0,4,1,"0","0","5",74,61,2,8,0,"1","0","10"
"2016/08/30/tormlb-balmlb-1","2016/08/30","PM","Orioles","Blue Jays","R",75,57,3,7,0,"1","1","5",72,60,5,7,1,"3","0","5"
"2014/06/17/balmlb-tbamlb-1","2014/06/17","PM","Rays","Orioles","R",36,34,7,8,1,"2","0","8",28,44,5,11,0,"2","0","9"
"2014/09/26/balmlb-tormlb-1","2014/09/26","PM","Blue Jays","Orioles","R",95,65,2,6,1,"0","1","6",82,78,4,12,1,"0","0","12"
"2016/08/08/balmlb-oakmlb-1","2016/08/08","PM","Athletics","Orioles","R",63,48,2,7,0,"1","0","7",49,63,3,7,0,"1","0","7"
"2015/03/03/balmlb-detmlb-1","2015/03/03","PM","Tigers","Orioles","S",0,1,2,8,1,"0","0","6",1,0,15,10,1,"3","1","3"
"2014/04/24/balmlb-tormlb-1","2014/04/24","PM","Blue Jays","Orioles","R",11,10,11,14,0,"1","3","5",11,11,4,7,0,"2","0","12"
"2015/05/12/tormlb-balmlb-1","2015/05/12","PM","Orioles","Blue Jays","R",17,17,10,13,1,"3","0","5",14,17,2,5,3,"0","0","9"
"2015/06/26/clemlb-balmlb-1","2015/06/26","PM","Orioles","Indians","R",33,39,3,10,0,"3","0","10",39,34,4,10,0,"1","0","9"
"2014/06/20/balmlb-nyamlb-1","2014/06/20","PM","Yankees","Orioles","R",37,35,3,9,0,"0","0","4",39,33,5,11,2,"1","3","10"
"2016/09/17/tbamlb-balmlb-1","2016/09/17","PM","Orioles","Rays","R",64,84,5,6,0,"1","0","4",81,67,2,7,1,"0","0","7"
"2014/05/27/balmlb-milmlb-1","2014/05/27","PM","Brewers","Orioles","R",26,24,6,7,1,"2","0","9",31,22,7,12,1,"3","0","11"
"2016/09/05/balmlb-tbamlb-1","2016/09/05","PM","Rays","Orioles","R",75,62,7,9,0,"1","1","6",58,78,3,2,1,"1","2","10"
"2016/03/25/nyamlb-balmlb-1","2016/03/25","PM","Orioles","Yankees","S",9,12,10,15,3,"1","0","8",7,14,11,9,1,"5","1","7"
"2016/07/02/balmlb-seamlb-1","2016/07/02","PM","Mariners","Orioles","R",47,33,6,12,0,"1","0","5",42,39,12,16,1,"5","1","4"
"2014/03/02/balmlb-bosmlb-1","2014/03/02","PM","Red Sox","Orioles","S",2,1,6,9,0,"0","0","7",1,2,8,12,1,"1","0","8"
"2016/06/04/nyamlb-balmlb-1","2016/06/04","PM","Orioles","Yankees","R",26,29,8,16,0,"0","2","9",31,23,6,8,0,"3","0","5"
"2014/09/19/bosmlb-balmlb-1","2014/09/19","PM","Orioles","Red Sox","R",67,87,5,9,1,"3","0","6",92,61,3,10,3,"0","0","7"
"2015/05/31/tbamlb-balmlb-1","2015/05/31","PM","Orioles","Rays","R",26,25,9,15,0,"2","0","7",23,26,5,10,1,"4","0","14"
"2016/05/22/balmlb-anamlb-1","2016/05/22","PM","Angels","Orioles","R",26,16,2,5,1,"1","1","3",20,24,10,13,0,"1","1","8"
"2014/06/25/chamlb-balmlb-1","2014/06/25","PM","Orioles","White Sox","R",36,43,4,11,0,"1","2","6",41,36,5,12,0,"1","0","12"
"2014/08/07/balmlb-tormlb-1","2014/08/07","PM","Blue Jays","Orioles","R",65,49,2,5,0,"1","0","8",61,55,1,4,0,"1","1","13"
"2016/09/16/tbamlb-balmlb-1","2016/09/16","PM","Orioles","Rays","R",63,84,4,10,2,"2","0","7",81,66,5,9,1,"2","0","8"
"2016/04/29/chamlb-balmlb-1","2016/04/29","PM","Orioles","White Sox","R",16,8,3,6,2,"1","0","7",14,8,6,8,0,"1","0","10"
"2016/04/14/balmlb-texmlb-1","2016/04/14","PM","Rangers","Orioles","R",7,2,3,9,0,"1","0","5",6,5,6,10,0,"0","0","7"
"2016/09/09/balmlb-detmlb-1","2016/09/09","PM","Tigers","Orioles","R",76,64,3,5,0,"1","0","10",76,64,4,9,0,"1","1","7"
"2014/09/17/tormlb-balmlb-1","2014/09/17","PM","Orioles","Blue Jays","R",77,74,1,5,1,"0","0","6",92,60,6,9,0,"3","1","9"
"2015/07/06/balmlb-minmlb-1","2015/07/06","PM","Twins","Orioles","R",43,40,2,10,0,"2","1","6",44,39,4,6,0,"3","1","7"
"2014/05/15/balmlb-kcamlb-1","2014/05/15","PM","Royals","Orioles","R",21,18,2,10,0,"1","0","4",20,20,1,7,0,"0","0","13"
"2015/07/10/wasmlb-balmlb-1","2015/07/10","PM","Orioles","Nationals","R",46,39,2,10,0,"0","1","9",44,42,3,9,0,"2","0","9"
"2016/03/28/balmlb-bosmlb-1","2016/03/28","PM","Red Sox","Orioles","S",10,14,5,11,1,"3","3","4",12,15,3,9,0,"1","0","7"
"2014/08/17/balmlb-clemlb-1","2014/08/17","PM","Indians","Orioles","R",70,52,4,12,1,"2","0","6",62,61,1,2,1,"0","2","9"
"2014/03/23/pitmlb-balmlb-1","2014/03/23","PM","Orioles","Pirates","S",12,9,7,9,1,"2","1","7",12,7,7,12,1,"4","2","13"
"2016/10/04/balmlb-tormlb-1","2016/10/04","PM","Blue Jays","Orioles","F",0,1,2,4,0,"1","1","11",1,0,5,9,0,"2","0","12"
"2016/09/14/balmlb-bosmlb-1","2016/09/14","PM","Red Sox","Orioles","R",80,65,1,5,1,"1","0","7",81,64,0,4,0,"0","0","6"
"2016/04/20/tormlb-balmlb-1","2016/04/20","PM","Orioles","Blue Jays","R",8,8,3,9,0,"1","1","7",9,4,4,9,0,"0","0","9"
"2015/09/18/balmlb-tbamlb-1","2015/09/18","PM","Rays","Orioles","R",72,75,6,5,0,"3","0","6",71,76,8,13,0,"1","0","9"
"2014/06/18/balmlb-tbamlb-1","2014/06/18","PM","Rays","Orioles","R",37,34,2,7,1,"1","0","8",28,45,0,5,2,"0","0","6"
"2014/05/17/balmlb-kcamlb-1","2014/05/17","PM","Royals","Orioles","R",22,19,0,3,1,"0","0","1",21,21,1,4,0,"0","2","7"
"2015/09/16/bosmlb-balmlb-1","2015/09/16","PM","Orioles","Red Sox","R",69,76,10,12,1,"3","0","4",71,74,1,8,0,"0","0","5"
"2014/08/16/balmlb-clemlb-1","2014/08/16","PM","Indians","Orioles","R",69,52,0,4,1,"0","0","11",62,60,6,8,1,"2","2","6"
"2016/04/10/tbamlb-balmlb-1","2016/04/10","PM","Orioles","Rays","R",2,4,3,8,0,"1","0","4",5,0,5,11,1,"1","0","12"
"2014/03/24/bosmlb-balmlb-1","2014/03/24","PM","Orioles","Red Sox","S",8,15,NA,NA,NA,NA,NA,NA,12,7,NA,NA,NA,NA,NA,NA
"2015/09/29/tormlb-balmlb-1","2015/09/29","PM","Orioles","Blue Jays","R",91,65,NA,NA,NA,NA,NA,NA,76,80,NA,NA,NA,NA,NA,NA
"2016/03/08/bosmlb-balmlb-1","2016/03/08","PM","Orioles","Red Sox","S",4,3,5,12,0,"1","0","8",0,8,1,12,0,"0","0","4"
"2015/03/05/balmlb-tbamlb-1","2015/03/05","PM","Rays","Orioles","S",1,2,3,8,0,"1","0","9",0,1,2,7,1,"1","0","6"
"2016/04/12/balmlb-bosmlb-1","2016/04/12","PM","Red Sox","Orioles","R",7,0,9,11,0,"3","1","4",3,4,5,10,0,"1","0","9"
"2016/05/11/balmlb-minmlb-1","2016/05/11","PM","Twins","Orioles","R",20,12,9,16,0,"4","0","3",8,25,2,8,0,"1","1","9"
"2016/06/25/tbamlb-balmlb-1","2016/06/25","PM","Orioles","Rays","R",31,41,0,4,0,"0","0","10",43,30,5,11,1,"0","0","8"
"2014/09/20/bosmlb-balmlb-1","2014/09/20","PM","Orioles","Red Sox","R",67,88,2,6,0,"1","0","12",93,61,7,11,1,"3","0","9"
"2016/06/28/balmlb-sdnmlb-1","2016/06/28","PM","Padres","Orioles","R",46,30,11,17,1,"3","0","9",33,45,7,8,1,"2","2","7"
"2014/05/29/balmlb-houmlb-1","2014/05/29","PM","Astros","Orioles","R",26,26,1,7,2,"0","0","9",23,32,3,5,0,"1","2","12"
"2014/07/07/balmlb-wasmlb-1","2014/07/07","PM","Nationals","Orioles","R",49,40,8,15,0,"4","0","10",48,40,2,7,0,"1","0","12"
"2014/03/26/balmlb-tbamlb-1","2014/03/26","PM","Rays","Orioles","S",12,8,4,9,4,"0","0","8",15,6,4,11,0,"0","4","8"
"2016/06/07/kcamlb-balmlb-1","2016/06/07","PM","Orioles","Royals","R",30,28,1,10,0,"0","1","6",34,23,9,11,1,"4","0","8"
"2016/09/29/balmlb-tormlb-1","2016/09/29","PM","Blue Jays","Orioles","R",87,72,4,9,0,"0","1","8",87,72,0,3,0,"0","1","7"
"2015/03/19/pitmlb-balmlb-1","2015/03/19","PM","Orioles","Pirates","S",7,7,4,10,2,"1","3","4",6,12,6,8,1,"3","4","12"
"2015/04/13/nyamlb-balmlb-1","2015/04/13","PM","Orioles","Yankees","R",3,4,6,7,0,"3","0","13",3,4,5,11,0,"1","1","7"
"2014/08/09/slnmlb-balmlb-1","2014/08/09","PM","Orioles","Cardinals","R",61,54,3,9,1,"1","0","6",67,49,10,16,0,"3","0","8"
"2015/05/16/anamlb-balmlb-1","2015/05/16","PM","Orioles","Angels","R",19,17,6,13,0,"2","0","9",15,19,1,3,0,"1","0","7"
"2015/04/19/balmlb-bosmlb-1","2015/04/19","PM","Red Sox","Orioles","R",7,5,8,15,1,"2","1","7",7,5,3,6,0,"1","0","9"
"2015/08/03/balmlb-oakmlb-1","2015/08/03","PM","Athletics","Orioles","R",54,51,9,14,0,"2","0","6",47,60,2,6,1,"0","0","8"
"2015/06/11/bosmlb-balmlb-1","2015/06/11","PM","Orioles","Red Sox","R",27,34,5,8,1,"1","0","5",29,30,6,10,0,"3","0","6"
"2016/03/14/phimlb-balmlb-1","2016/03/14","PM","Orioles","Phillies","S",10,4,7,11,0,"3","1","6",2,11,8,9,0,"2","0","8"
"2016/08/20/houmlb-balmlb-1","2016/08/20","PM","Orioles","Astros","R",63,60,12,14,0,"3","0","9",67,55,2,7,1,"2","0","4"
"2016/05/27/balmlb-clemlb-1","2016/05/27","PM","Indians","Orioles","R",27,19,6,13,0,"1","0","8",25,21,4,10,0,"2","0","6"
"2015/07/22/balmlb-nyamlb-1","2015/07/22","PM","Yankees","Orioles","R",46,47,3,4,0,"2","1","5",52,41,4,7,0,"2","0","7"
"2014/07/31/anamlb-balmlb-1","2014/07/31","PM","Orioles","Angels","R",64,43,1,12,0,"0","0","16",60,47,0,5,0,"0","0","12"
"2015/03/15/balmlb-pitmlb-1","2015/03/15","PM","Pirates","Orioles","S",3,11,2,7,0,"1","0","7",6,5,4,12,0,"0","1","8"
"2015/06/20/balmlb-tormlb-1","2015/06/20","PM","Blue Jays","Orioles","R",35,33,5,10,0,"0","0","7",37,33,3,10,0,"0","0","8"
"2015/09/14/bosmlb-balmlb-1","2015/09/14","PM","Orioles","Red Sox","R",68,75,0,3,1,"0","0","13",70,73,2,9,0,"0","0","10"
"2016/06/11/balmlb-tormlb-1","2016/06/11","PM","Blue Jays","Orioles","R",36,25,6,12,0,"3","0","3",34,30,11,13,2,"3","0","8"
"2015/07/04/balmlb-chamlb-1","2015/07/04","PM","White Sox","Orioles","R",42,39,2,4,1,"1","0","8",36,42,3,11,0,"0","1","10"
"2016/06/06/kcamlb-balmlb-1","2016/06/06","PM","Orioles","Royals","R",30,27,1,5,1,"0","0","11",33,23,4,7,1,"3","0","7"
"2014/06/15/tormlb-balmlb-1","2014/06/15","PM","Orioles","Blue Jays","R",41,30,5,12,0,"0","0","10",35,33,2,9,0,"1","0","0"
"2014/03/27/tbamlb-balmlb-1","2014/03/27","PM","Orioles","Rays","S",16,6,4,9,0,"1","1","9",13,9,3,9,1,"0","0","7"
"2015/09/23/balmlb-wasmlb-1","2015/09/23","PM","Nationals","Orioles","R",75,76,4,8,0,"2","0","9",78,73,3,6,0,"0","1","13"
"2014/08/29/minmlb-balmlb-1","2014/08/29","PM","Orioles","Twins","R",59,75,1,4,0,"1","0","13",77,56,9,7,0,"2","0","9"
"2015/03/16/balmlb-phimlb-1","2015/03/16","PM","Phillies","Orioles","S",4,11,16,21,0,"5","0","11",8,6,4,8,1,"0","0","8"
"2016/04/22/balmlb-kcamlb-1","2016/04/22","PM","Royals","Orioles","R",10,5,2,5,0,"1","1","2",11,5,4,8,0,"1","0","12"
"2015/05/08/balmlb-nyamlb-1","2015/05/08","PM","Yankees","Orioles","R",12,15,4,10,0,"0","0","6",19,11,5,8,0,"1","1","5"
"2014/06/23/chamlb-balmlb-1","2014/06/23","PM","Orioles","White Sox","R",35,42,4,8,0,"1","0","7",40,35,6,15,0,"3","0","3"
"2016/07/20/balmlb-nyamlb-1","2016/07/20","PM","Yankees","Orioles","R",53,40,0,5,0,"0","0","6",48,46,5,6,1,"2","0","11"
"2015/04/17/balmlb-bosmlb-1","2015/04/17","PM","Red Sox","Orioles","R",5,5,2,5,0,"1","1","5",7,3,3,4,1,"1","0","8"
"2015/07/27/atlmlb-balmlb-1","2015/07/27","PM","Orioles","Braves","R",46,53,1,9,0,"1","2","11",49,49,2,7,0,"1","1","8"
"2016/05/10/balmlb-minmlb-1","2016/05/10","PM","Twins","Orioles","R",19,12,5,14,0,"2","0","12",8,24,3,6,1,"1","1","9"
"2014/09/28/balmlb-tormlb-1","2014/09/28","PM","Blue Jays","Orioles","R",96,66,1,5,1,"1","0","8",83,79,0,6,0,"0","1","4"
"2016/08/12/balmlb-sfnmlb-1","2016/08/12","PM","Giants","Orioles","R",65,50,5,10,0,"2","0","7",65,50,2,5,1,"0","0","11"
"2014/08/31/minmlb-balmlb-1","2014/08/31","PM","Orioles","Twins","R",59,77,8,15,1,"0","0","0",79,56,12,18,0,"0","0","0"
"2014/06/12/tormlb-balmlb-1","2014/06/12","PM","Orioles","Blue Jays","R",39,29,2,7,0,"0","1","6",34,31,4,9,0,"1","0","6"
"2014/03/03/minmlb-balmlb-1","2014/03/03","PM","Orioles","Twins","S",3,1,9,13,1,"1","0","4",2,2,2,9,1,"1","0","7"
"2014/07/05/balmlb-bosmlb-2","2014/07/05","PM","Red Sox","Orioles","R",47,40,7,16,0,"2","1","8",39,48,4,6,2,"1","0","13"
"2015/08/09/balmlb-anamlb-1","2015/08/09","PM","Angels","Orioles","R",56,54,4,9,0,"2","0","13",59,51,5,12,0,"2","2","12"
"2015/07/05/balmlb-chamlb-1","2015/07/05","PM","White Sox","Orioles","R",43,39,9,10,0,"1","2","8",36,43,1,5,4,"0","0","11"
"2016/07/06/balmlb-lanmlb-1","2016/07/06","PM","Dodgers","Orioles","R",49,35,6,13,0,"2","0","18",48,39,4,16,0,"1","0","18"
"2015/09/05/balmlb-tormlb-1","2015/09/05","PM","Blue Jays","Orioles","R",65,70,1,4,0,"0","0","9",77,58,5,10,0,"1","0","9"
"2015/05/03/tbamlb-balmlb-1","2015/05/03","PM","Orioles","Rays","R",13,12,2,7,0,"1","0","8",12,11,4,9,1,"0","0","8"
"2014/06/27/tbamlb-balmlb-2","2014/06/27","PM","Orioles","Rays","R",33,49,1,5,0,"1","0","7",42,37,4,10,0,"2","0","3"
"2015/10/01/tormlb-balmlb-1","2015/10/01","PM","Orioles","Blue Jays","R",92,67,4,9,0,"0","0","5",78,81,6,8,0,"2","2","10"
"2016/06/22/sdnmlb-balmlb-1","2016/06/22","PM","Orioles","Padres","R",30,43,2,5,1,"0","2","4",41,30,7,11,0,"2","0","11"
"2014/08/19/balmlb-chamlb-1","2014/08/19","PM","White Sox","Orioles","R",72,52,5,9,1,"0","0","0",59,67,1,3,0,"0","0","0"
"2016/09/10/balmlb-detmlb-1","2016/09/10","PM","Tigers","Orioles","R",77,64,11,12,0,"4","0","6",76,65,3,8,0,"0","1","9"
"2016/06/25/tbamlb-balmlb-2","2016/06/25","PM","Orioles","Rays","R",31,42,6,14,1,"1","1","2",44,30,8,14,0,"4","0","5"
"2015/04/06/balmlb-tbamlb-1","2015/04/06","PM","Rays","Orioles","R",1,0,6,8,0,"3","0","8",0,1,2,8,1,"1","0","11"
"2014/08/11/nyamlb-balmlb-1","2014/08/11","PM","Orioles","Yankees","R",61,57,3,6,0,"0","3","8",68,50,11,14,2,"3","0","7"
"2014/07/27/balmlb-seamlb-1","2014/07/27","PM","Mariners","Orioles","R",58,46,3,9,0,"0","0","9",54,51,2,10,0,"1","0","12"
"2015/03/20/balmlb-bosmlb-1","2015/03/20","PM","Red Sox","Orioles","S",7,12,11,14,3,"0","1","4",9,8,5,7,1,"1","0","5"
"2015/05/17/anamlb-balmlb-1","2015/05/17","PM","Orioles","Angels","R",19,18,0,6,0,"0","0","7",16,19,3,7,0,"0","0","9"
"2014/09/06/balmlb-tbamlb-1","2014/09/06","PM","Rays","Orioles","R",82,59,2,7,1,"1","0","8",69,74,3,5,1,"0","0","13"
"2015/08/12/balmlb-seamlb-1","2015/08/12","PM","Mariners","Orioles","R",57,56,0,0,0,"0","0","9",54,61,3,6,0,"0","0","7"
"2016/07/17/balmlb-tbamlb-1","2016/07/17","PM","Rays","Orioles","R",53,37,2,8,0,"1","0","5",35,56,5,6,0,"4","0","14"
"2016/08/02/texmlb-balmlb-1","2016/08/02","PM","Orioles","Rangers","R",62,45,1,3,0,"0","0","11",60,45,5,9,0,"4","0","9"
"2014/05/28/balmlb-milmlb-1","2014/05/28","PM","Brewers","Orioles","R",26,25,3,9,0,"2","0","2",32,22,8,10,1,"1","2","10"
"2015/04/22/balmlb-tormlb-1","2015/04/22","PM","Blue Jays","Orioles","R",7,8,2,5,1,"1","1","9",8,7,4,9,1,"2","2","6"
"2016/09/28/balmlb-tormlb-1","2016/09/28","PM","Blue Jays","Orioles","R",86,72,3,11,2,"2","1","7",87,71,2,6,0,"0","0","13"
"2016/03/17/minmlb-balmlb-1","2016/03/17","PM","Orioles","Twins","S",8,7,1,7,0,"0","1","9",4,11,4,9,0,"1","0","7"
"2015/07/02/texmlb-balmlb-1","2015/07/02","PM","Orioles","Rangers","R",41,39,2,7,1,"0","0","4",42,37,0,3,2,"0","0","9"
"2016/07/01/balmlb-seamlb-1","2016/07/01","PM","Mariners","Orioles","R",47,32,2,5,0,"1","0","10",41,39,5,10,1,"3","0","11"
"2016/07/24/clemlb-balmlb-1","2016/07/24","PM","Orioles","Indians","R",56,41,3,7,1,"0","0","11",57,40,5,7,1,"2","0","6"
"2015/03/05/tormlb-balmlb-1","2015/03/05","PM","Orioles","Blue Jays","S",1,2,0,4,0,"0","0","10",1,2,5,8,0,"2","0","9"
"2015/03/17/minmlb-balmlb-1","2015/03/17","PM","Orioles","Twins","S",7,3,10,15,1,"4","0","6",4,12,9,10,1,"1","1","2"
"2014/06/09/bosmlb-balmlb-1","2014/06/09","PM","Orioles","Red Sox","R",28,35,0,3,0,"0","0","8",32,30,4,8,0,"3","0","6"
"2016/10/01/balmlb-nyamlb-1","2016/10/01","PM","Yankees","Orioles","R",88,73,3,9,0,"1","0","10",84,77,7,12,0,"1","1","6"
"2014/07/21/balmlb-anamlb-1","2014/07/21","PM","Angels","Orioles","R",54,44,4,6,1,"2","0","11",59,39,2,8,0,"0","0","15"
"2015/10/03/nyamlb-balmlb-1","2015/10/03","PM","Orioles","Yankees","R",87,73,2,6,0,"0","0","5",79,81,9,15,1,"1","1","7"
"2015/09/24/balmlb-wasmlb-1","2015/09/24","PM","Nationals","Orioles","R",76,76,5,7,0,"2","0","7",78,74,4,10,0,"1","0","2"
"2015/03/30/balmlb-tbamlb-1","2015/03/30","PM","Rays","Orioles","S",11,16,6,14,1,"0","0","15",11,11,6,13,1,"2","3","7"
"2015/03/25/tormlb-balmlb-1","2015/03/25","PM","Orioles","Blue Jays","S",13,9,5,8,1,"2","0","7",9,14,2,5,1,"1","0","5"
"2016/09/13/balmlb-bosmlb-1","2016/09/13","PM","Red Sox","Orioles","R",79,65,6,9,1,"3","1","6",81,63,3,9,0,"1","0","10"
"2014/08/26/tbamlb-balmlb-1","2014/08/26","PM","Orioles","Rays","R",64,68,2,8,1,"0","0","7",75,55,4,9,0,"0","1","4"
"2014/09/07/balmlb-tbamlb-1","2014/09/07","PM","Rays","Orioles","R",83,59,7,10,1,"2","0","8",69,75,5,12,0,"4","0","13"
